<?xml version="1.0" encoding="UTF-8"?>
<Results>
    <row>
        <P1>440100428813398</P1>
        <P2>刘小平</P2>
        <P3>男</P3>
        <P4>432622197412218474</P4>
        <P5>湖南省隆回县滩头镇洞头村6组4号</P5>
        <P6>88888888</P6>
        <P7>2012-03-22</P7>
    </row>
    <row>
        <P1>440100014138580</P1>
        <P2>刘小平</P2>
        <P3>男</P3>
        <P4>422426196712181632</P4>
        <P5>湖北省洪湖市新滩镇庙湾村86号</P5>
        <P6>84963233</P6>
        <P7>2011-08-17</P7>
    </row>
    <row>
        <P1>440100010469762</P1>
        <P2>刘小平</P2>
        <P3>男</P3>
        <P4>430419197612198390</P4>
        <P5>湖南省耒阳市</P5>
        <P6>88888888</P6>
        <P7>2011-03-10</P7>
    </row>
    <row>
        <P1>440100004349210</P1>
        <P2>刘小平</P2>
        <P3>男</P3>
        <P4>441423198211120738</P4>
        <P5>广东省丰顺县黄金镇光明村上屋</P5>
        <P6>84962611</P6>
        <P7>2009-04-08</P7>
    </row>
    <row>
        <P1>440100003931589</P1>
        <P2>刘小平</P2>
        <P3>男</P3>
        <P4>511022196701017558</P4>
        <P5>四川省资阳市乐至县金顺镇水平水竹村9组</P5>
        <P6>13660356832</P6>
        <P7>2010-05-06</P7>
    </row>
    <row>
        <P1>440100021137778</P1>
        <P2>刘小平</P2>
        <P3>男</P3>
        <P4>430426196307200019</P4>
        <P5>湖南省祁东县洪桥镇颜家坪居委会颜家组</P5>
        <P6>88888888</P6>
        <P7>2012-03-29</P7>
    </row>
    <row>
        <P1>440100006999423</P1>
        <P2>刘小平</P2>
        <P3>男</P3>
        <P4>431021198901034734</P4>
        <P5>湖南省桂阳县银河乡乌市村老对门组</P5>
        <P6>15118878590</P6>
        <P7>2010-12-29</P7>
    </row>
    <row>
        <P1>440100004105243</P1>
        <P2>刘小平</P2>
        <P3>男</P3>
        <P4>430425196506094910</P4>
        <P5>湖南省常宁市罗桥镇罗市村十一组65号</P5>
        <P6>15814573498</P6>
        <P7>2011-12-05</P7>
    </row>
</Results>